variant_length,ast_depth,edit_distance,partial_pass_rate,reward_delta
174.84,4.65,22.73,0.149,0.657
143.09,5.71,39.38,0.173,0.51
182.38,4.42,40.36,0.54,0.873
226.15,5.38,49.45,0.206,0.644
138.29,2.21,12.66,0.555,0.741
138.29,6.43,51.85,0.265,0.408
228.96,6.0,0.0,0.208,1.161
188.37,4.37,27.4,0.054,0.581
126.53,7.32,30.23,0.445,0.831
177.13,7.88,52.67,0.618,0.966
126.83,2.78,40.45,0.308,0.496
126.71,4.47,11.89,0.62,1.082
162.1,4.46,20.3,0.159,0.693
54.34,4.12,43.97,0.365,0.095
63.75,7.66,38.42,0.198,0.467
121.89,5.61,28.42,0.566,0.897
99.36,5.47,30.38,0.213,0.412
165.71,1.99,53.92,0.318,0.315
104.6,7.27,29.65,0.454,0.751
79.38,3.52,38.24,0.545,0.424
223.28,6.12,83.4,0.61,0.455
138.71,6.55,11.53,0.054,0.56
153.38,8.72,2.96,0.459,1.143
78.76,3.38,55.67,0.28,-0.124
122.78,1.0,26.43,0.307,0.289
155.55,6.37,33.64,0.326,0.824
92.45,9.6,24.38,0.107,0.648
168.78,8.48,34.8,0.377,0.787
119.97,6.42,71.97,0.164,0.024
135.42,5.02,56.04,0.093,0.294
119.91,7.61,57.24,0.429,0.632
242.61,4.05,11.68,0.439,1.172
149.33,6.95,16.98,0.491,1.136
97.11,7.01,0.0,0.234,0.752
191.13,8.12,23.81,0.587,1.234
88.96,11.52,59.13,0.274,0.323
160.44,6.78,50.34,0.534,0.708
52.02,4.98,35.57,0.498,0.45
83.59,5.95,39.55,0.196,0.141
159.84,2.46,26.22,0.207,0.565
186.92,4.61,44.1,0.309,0.674
158.57,5.18,55.32,0.646,0.8
144.22,4.95,7.68,0.22,1.013
134.94,6.3,45.99,0.328,0.564
76.07,4.36,58.65,0.333,0.119
114.01,8.24,31.7,0.214,0.448
126.97,6.0,54.01,0.573,0.638
202.86,5.98,96.29,0.205,0.165
167.18,5.34,37.91,0.341,0.527
61.85,6.31,47.87,0.37,0.294
166.2,7.65,25.24,0.446,0.986
130.75,4.27,43.63,0.33,0.486
116.15,4.68,49.21,0.17,0.312
180.58,5.39,43.9,0.563,0.769
201.55,3.31,19.61,0.01,0.602
196.56,4.36,44.13,0.25,0.624
108.04,5.05,69.24,0.282,0.091
134.54,7.75,48.97,0.403,0.581
166.56,6.53,59.24,0.195,0.461
198.78,6.39,35.26,0.399,0.865
126.04,7.7,55.0,0.321,0.35
140.72,5.73,45.59,0.399,0.709
94.68,6.78,20.98,0.449,0.664
90.19,5.79,46.37,0.379,0.39
190.63,6.53,20.17,0.465,1.101
217.81,4.83,27.34,0.345,0.944
146.4,1.12,43.79,0.165,0.206
200.18,5.73,45.94,0.137,0.243
168.08,8.85,16.22,0.367,1.008
117.74,7.85,61.08,0.147,0.282
168.07,7.93,51.44,0.04,0.407
226.9,8.47,25.91,0.597,1.374
148.21,6.18,9.25,0.643,1.278
228.23,6.39,37.1,0.145,0.8
20.0,4.76,31.08,0.215,0.087
191.1,5.37,42.26,0.168,0.5
154.35,7.23,32.74,0.359,0.947
135.05,8.41,0.0,0.161,0.937
154.59,5.72,32.23,0.198,0.576
50.62,5.1,33.89,0.423,0.457
139.02,6.0,52.67,0.102,0.395
167.86,7.2,26.04,0.304,0.756
223.89,3.11,73.57,0.093,0.117
124.09,1.41,1.77,0.138,0.375
109.58,4.9,66.22,0.081,-0.054
124.91,3.56,35.51,0.264,0.465
195.77,4.98,57.19,0.3,0.468
166.44,5.7,41.6,0.028,0.567
123.51,5.09,62.79,0.25,0.209
175.66,8.9,32.25,0.079,0.703
154.85,6.65,18.03,0.654,1.105
198.43,6.6,68.41,0.451,0.466
114.9,7.24,37.73,0.332,0.586
133.62,3.72,44.43,0.46,0.547
130.39,8.08,64.7,0.221,0.313
76.82,5.85,19.36,0.42,0.688
164.81,7.34,51.91,0.142,0.389
163.05,3.86,28.2,0.256,0.48
150.26,2.89,37.36,0.128,0.313
138.27,7.64,41.45,0.753,1.007
79.23,6.75,10.0,0.038,0.489
128.97,4.2,24.42,0.084,0.44
132.86,4.26,67.02,0.147,0.137
109.89,8.25,57.72,0.522,0.66
141.94,3.62,38.75,0.241,0.498
170.2,9.29,44.86,0.163,0.757
244.31,4.2,34.12,0.394,0.966
158.73,7.28,67.13,0.731,0.789
162.88,5.34,35.99,0.198,0.749
146.28,7.21,44.64,0.424,0.771
54.06,4.91,62.92,0.453,0.057
148.67,5.67,24.45,0.161,0.428
153.01,6.08,71.18,0.084,0.094
273.16,4.0,9.39,0.173,1.126
140.38,7.48,72.59,0.349,0.444
165.08,4.97,32.55,0.269,0.509
148.26,5.54,35.15,0.219,0.619
91.57,4.01,2.2,0.138,0.677
207.14,1.0,30.9,0.147,0.54
187.6,5.62,19.2,0.341,0.966
189.55,10.83,27.85,0.227,0.999
104.53,7.57,37.25,0.248,0.472
220.14,5.96,59.16,0.011,0.455
79.91,5.47,44.15,0.18,0.274
179.34,6.04,46.15,0.518,0.761
259.52,7.09,18.09,0.494,1.602
100.47,3.64,22.38,0.468,0.483
121.69,8.23,75.97,0.445,0.349
154.98,7.43,25.3,0.279,0.73
124.83,7.44,73.12,0.46,0.421
72.47,6.88,35.14,0.168,0.149
153.43,6.04,40.05,0.49,0.881
96.88,7.35,61.41,0.191,0.297
173.68,7.18,65.44,0.428,0.595
104.03,5.29,37.78,0.384,0.475
227.5,4.85,32.24,0.247,0.872
110.84,6.2,38.88,0.028,0.309
133.9,9.1,46.76,0.57,0.94
190.68,3.52,57.83,0.363,0.448
88.46,3.06,40.08,0.272,0.217
161.37,6.33,52.38,0.321,0.641
215.36,6.1,72.77,0.068,0.342
69.63,6.35,47.63,0.145,0.149
159.23,6.49,46.23,0.489,0.768
162.99,5.55,9.62,0.571,1.146
189.09,8.98,0.0,0.122,1.161
88.15,2.8,47.77,0.32,0.31
83.98,4.34,38.1,0.286,0.282
176.1,5.79,29.7,0.425,0.797
164.85,2.71,44.87,0.211,0.378
162.52,5.65,38.79,0.412,0.658
167.32,9.32,62.56,0.449,0.611
116.0,6.04,41.72,0.268,0.547
161.61,6.46,25.06,0.418,0.863
164.65,3.48,59.8,0.15,0.003
114.28,4.77,35.66,0.472,0.687
243.29,5.25,50.53,0.089,0.514
173.69,5.36,30.45,0.468,0.917
90.43,8.56,27.0,0.469,0.913
182.83,7.12,41.68,0.348,0.785
101.27,3.78,40.26,0.264,0.098
189.35,6.49,49.6,0.184,0.348
207.93,7.0,34.63,0.411,0.889
108.97,8.28,3.27,0.06,0.75
198.17,9.16,31.34,0.182,1.004
170.64,3.97,55.88,0.375,0.48
191.1,4.38,34.05,0.191,0.867
244.84,3.48,35.07,0.212,0.579
137.73,5.53,59.73,0.294,0.34
112.31,6.93,25.76,0.277,0.603
105.52,7.97,9.14,0.086,0.716
109.21,5.85,36.79,0.234,0.614
146.14,5.36,30.32,0.332,0.85
167.06,6.3,20.68,0.431,0.96
163.83,4.33,36.49,0.541,0.862
191.36,10.18,49.83,0.362,0.896
150.65,2.78,39.81,0.031,0.11
222.68,6.37,46.14,0.681,1.071
136.77,10.05,76.27,0.376,0.4
286.01,6.01,33.14,0.212,0.991
181.28,5.62,45.57,0.238,0.475
107.14,5.29,29.82,0.346,0.58
96.46,5.64,23.07,0.137,0.48
174.12,8.75,28.3,0.122,0.844
138.83,1.58,30.42,0.26,0.43
185.7,9.07,47.19,0.685,1.25
173.66,3.15,86.98,0.404,0.351
146.36,5.47,25.68,0.126,0.516
107.66,5.14,31.67,0.014,0.371
74.26,7.18,38.74,0.117,0.499
127.67,2.8,47.92,0.333,0.41
192.82,6.92,45.27,0.208,0.71
160.7,10.05,65.68,0.459,0.513
87.71,3.27,0.0,0.141,0.484
158.66,6.38,0.0,0.254,0.957
169.27,4.68,30.08,0.507,0.985
105.81,6.85,61.95,0.138,0.078
157.69,6.04,8.69,0.18,0.823
152.91,4.72,0.0,0.246,0.976
92.85,6.98,51.42,0.317,0.289
167.89,9.61,44.87,0.263,0.774
178.04,5.62,18.2,0.062,0.698
204.15,7.44,20.29,0.134,0.977
202.69,3.41,20.61,0.22,0.814
81.12,4.09,42.21,0.207,0.254
103.11,6.94,27.47,0.488,0.792
175.75,8.97,49.88,0.576,0.77
175.69,6.71,0.0,0.51,1.284
175.75,5.37,22.86,0.123,0.671
342.64,6.0,17.48,0.534,1.657
178.54,3.5,34.87,0.3,0.56
206.78,7.21,29.24,0.203,0.855
197.7,7.76,55.96,0.261,0.638
182.57,5.1,2.81,0.349,0.982
134.24,5.06,40.91,0.545,0.567
187.95,6.53,51.17,0.411,0.745
111.36,5.13,77.13,0.027,-0.059
138.16,5.87,30.36,0.585,0.809
125.73,10.2,46.49,0.048,0.439
154.09,5.51,3.92,0.362,1.071
265.73,5.28,0.0,0.445,1.51
56.64,4.7,56.9,0.416,0.192
184.31,7.49,39.89,0.088,0.641
69.36,5.64,63.57,0.472,0.285
126.4,4.7,12.53,0.337,0.83
204.45,8.64,50.4,0.195,0.59
153.21,8.84,77.38,0.151,0.44
96.11,4.8,48.39,0.34,0.344
114.23,2.27,45.53,0.359,0.361
183.98,8.02,40.17,0.085,0.543
113.48,4.63,8.58,0.37,0.764
160.82,7.58,67.11,0.448,0.586
152.28,2.06,27.78,0.077,0.163
117.42,7.79,50.09,0.417,0.484
257.2,3.58,8.74,0.464,1.162
181.7,7.46,16.41,0.199,0.785
48.74,6.03,68.7,0.64,0.283
159.32,4.09,33.05,0.155,0.468
116.91,5.19,69.07,0.206,0.227
192.62,7.37,38.44,0.156,0.575
110.37,6.21,3.16,0.589,1.105
144.26,7.17,57.84,0.234,0.312
175.25,9.95,28.2,0.213,0.74
193.29,2.87,53.97,0.129,0.345
89.99,9.23,40.5,0.536,0.823
133.27,6.21,9.14,0.157,0.8
126.25,4.2,43.29,0.173,0.163
117.33,3.34,83.92,0.039,-0.281
238.27,5.62,49.86,0.163,0.687
170.25,7.84,38.85,0.084,0.677
86.96,5.74,61.51,0.255,0.2
195.89,9.02,44.21,0.402,1.014
256.11,3.1,44.19,0.189,0.739
201.62,5.98,18.17,0.208,0.899
74.03,3.5,44.68,0.108,0.086
125.79,6.73,60.71,0.59,0.679
213.35,7.77,23.28,0.526,1.256
114.62,5.16,68.49,0.411,0.365
172.19,1.0,38.17,0.392,0.586
188.73,6.4,22.24,0.111,0.689
103.65,6.87,59.95,0.347,0.202
147.02,6.81,34.26,0.33,0.704
20.0,8.47,55.19,0.36,0.101
98.78,3.86,34.16,0.034,0.183
137.37,7.36,38.8,0.163,0.522
87.61,8.39,49.87,0.106,0.399
231.62,2.44,45.82,0.155,0.533
78.49,6.64,0.09,0.193,0.819
128.0,4.99,17.58,0.28,0.633
156.54,5.84,58.59,0.351,0.61
222.06,6.7,37.36,0.522,1.135
78.21,5.03,29.53,0.136,0.343
208.16,4.65,12.83,0.405,0.872
150.51,6.07,18.41,0.272,0.906
100.92,3.83,0.0,0.047,0.709
173.11,3.83,37.97,0.295,0.568
159.95,7.36,28.03,0.501,0.972
119.99,3.7,20.67,0.486,0.675
153.49,7.33,38.64,0.22,0.453
130.73,6.93,47.28,0.254,0.412
155.68,2.55,81.86,0.399,0.261
183.11,4.64,9.76,0.364,1.083
229.3,8.39,63.19,0.304,0.642
88.11,4.04,59.46,0.188,-0.036
256.65,5.07,24.42,0.452,1.354
52.4,6.92,44.06,0.181,0.105
142.41,7.57,30.85,0.444,0.781
179.42,5.5,43.71,0.112,0.422
164.05,4.8,70.18,0.376,0.195
118.87,8.84,52.11,0.107,0.309
139.59,9.48,50.17,0.428,0.681
125.35,7.96,31.39,0.528,0.792
120.53,6.17,10.32,0.274,0.919
192.48,4.38,35.83,0.368,0.616
167.85,4.34,64.13,0.502,0.467
115.35,7.05,9.46,0.473,0.895
194.98,6.84,18.9,0.155,0.841
165.36,8.8,42.53,0.223,0.597
190.64,7.3,20.31,0.563,1.192
181.48,2.99,24.15,0.261,0.694
108.55,8.1,31.53,0.365,0.848
121.99,4.0,12.69,0.2,0.541
187.36,5.23,20.52,0.279,1.004
180.52,6.5,54.07,0.585,0.713
148.95,9.99,13.85,0.219,0.959
155.87,12.22,8.04,0.274,1.394
213.88,7.21,27.4,0.236,1.207
120.42,5.63,54.64,0.449,0.624
177.35,7.07,36.06,0.342,0.776
139.89,7.78,30.71,0.189,0.704
139.12,5.36,40.89,0.07,0.4
204.94,9.59,5.09,0.287,1.308
191.27,6.46,49.89,0.423,0.636
190.68,7.0,47.67,0.254,0.672
215.27,7.33,31.81,0.367,0.937
151.05,6.84,60.12,0.271,0.314
184.1,7.68,17.45,0.401,1.052
134.49,4.77,62.56,0.463,0.418
166.21,4.88,43.09,0.053,0.455
143.49,3.8,33.27,0.222,0.44
154.85,6.88,39.6,0.227,0.586
179.76,7.56,37.85,0.258,0.826
109.09,6.92,64.41,0.139,0.147
254.62,9.35,18.47,0.33,1.349
99.7,5.99,24.75,0.17,0.495
89.29,7.34,60.73,0.285,0.276
207.91,3.82,28.09,0.25,0.626
189.58,5.23,58.01,0.116,0.355
181.21,7.39,73.99,0.207,0.482
181.42,7.7,31.96,0.4,0.946
149.39,5.41,53.63,0.179,0.243
105.14,5.86,16.93,0.343,0.861
153.79,2.96,55.09,0.278,0.353
116.14,5.29,43.99,0.052,0.291
198.76,7.78,49.46,0.062,0.614
142.65,7.15,27.09,0.114,0.493
108.73,7.0,6.78,0.102,0.755
133.93,6.1,50.07,0.735,0.933
170.65,6.01,0.0,0.385,1.072
121.81,4.68,33.65,0.232,0.255
108.89,7.4,58.82,0.238,0.335
162.18,6.84,43.84,0.204,0.557
162.25,6.98,78.97,0.419,0.227
124.65,4.95,60.5,0.188,0.227
126.45,1.69,26.92,0.244,0.443
161.6,8.19,40.55,0.397,0.66
77.6,5.04,39.05,0.221,0.46
79.63,4.27,8.36,0.077,0.506
114.08,7.39,21.19,0.551,0.752
139.33,5.22,28.78,0.305,0.717
165.55,8.12,0.0,0.388,1.292
223.77,7.23,40.95,0.383,1.071
192.88,7.37,35.02,0.427,0.876
142.0,3.27,6.54,0.124,0.707
149.05,8.42,48.08,0.093,0.438
99.87,6.52,54.32,0.555,0.471
149.07,5.26,44.54,0.322,0.436
135.57,6.29,33.52,0.006,0.201
166.14,2.45,51.83,0.324,0.416
108.64,6.82,53.6,0.107,0.189
175.97,3.94,46.15,0.174,0.13
226.64,3.29,23.51,0.283,0.844
144.56,2.96,45.53,0.184,0.389
170.09,8.23,63.91,0.552,0.594
184.51,4.74,28.07,0.085,0.507
129.94,9.07,81.96,0.373,0.366
161.2,4.93,29.49,0.27,0.395
150.63,2.59,40.65,0.107,0.207
154.88,3.77,26.55,0.446,0.779
111.35,8.47,44.47,0.313,0.507
151.23,5.69,5.16,0.074,0.616
174.9,4.9,29.08,0.375,0.654
222.56,6.32,18.16,0.183,0.787
197.96,7.0,42.71,0.537,0.884
257.66,8.23,59.89,0.408,1.018
111.63,8.9,52.92,0.302,0.728
193.62,5.28,0.0,0.269,1.064
159.17,3.35,80.84,0.543,0.348
259.49,5.17,45.91,0.221,0.661
109.59,6.52,24.47,0.036,0.23
108.01,4.07,43.14,0.3,0.522
120.03,4.09,43.52,0.357,0.355
43.81,6.69,26.66,0.172,0.409
123.71,5.9,43.96,0.208,0.409
112.04,6.07,27.85,0.271,0.677
157.52,4.48,31.91,0.042,0.507
167.09,5.54,26.27,0.482,0.929
243.81,4.15,11.35,0.27,1.08
197.52,7.78,42.92,0.621,1.17
121.15,8.07,51.71,0.469,0.584
105.08,2.31,50.3,0.254,0.287
174.6,4.14,56.4,0.139,0.207
83.99,3.01,46.49,0.343,0.219
241.57,4.7,29.35,0.458,1.096
208.97,5.83,56.79,0.106,0.273
126.54,3.1,12.85,0.101,0.625
64.34,4.16,21.99,0.497,0.626
217.69,3.99,20.72,0.35,1.256
144.27,6.41,61.6,0.307,0.591
211.89,6.14,58.86,0.23,0.537
70.28,4.56,49.75,0.463,0.49
120.03,6.35,61.44,0.157,0.274
150.26,4.91,22.41,0.153,0.618
152.35,5.46,46.97,0.126,0.195
127.5,9.35,37.5,0.15,0.452
181.14,8.68,56.94,0.226,0.589
96.62,3.4,37.7,0.795,0.669
142.88,7.66,32.3,0.315,0.763
156.01,7.62,50.82,0.369,0.773
175.72,3.7,57.52,0.142,0.337
185.58,7.64,26.63,0.362,0.892
93.77,9.08,38.78,0.238,0.63
73.29,3.75,18.83,0.204,0.291
213.88,4.16,0.0,0.505,1.14
166.62,8.04,44.01,0.42,0.836
112.58,6.54,52.18,0.185,0.21
227.56,7.1,45.24,0.345,0.797
155.78,6.68,1.01,0.556,1.335
208.96,6.78,32.98,0.621,1.198
153.38,3.35,0.0,0.333,0.856
253.04,8.09,67.39,0.466,0.7
237.77,8.34,18.28,0.388,1.184
137.55,5.54,65.11,0.284,0.46
198.58,5.91,58.92,0.18,0.543
182.27,2.94,21.99,0.361,0.905
218.43,7.03,17.34,0.262,1.068
101.75,7.14,47.01,0.371,0.454
184.3,5.88,23.11,0.175,0.846
202.92,8.25,42.05,0.366,1.021
62.06,5.33,30.34,0.156,0.226
90.84,7.13,4.38,0.123,0.612
48.04,3.96,0.0,0.541,0.623
136.53,5.95,44.53,0.334,0.455
185.88,5.65,28.77,0.116,0.712
225.12,6.45,28.94,0.283,0.875
153.7,5.26,53.92,0.32,0.534
231.43,5.74,63.47,0.373,0.841
80.99,7.65,34.55,0.463,0.653
64.83,5.13,33.19,0.307,0.363
147.22,2.79,50.0,0.163,0.267
169.2,9.5,12.86,0.113,0.887
148.37,8.76,44.46,0.292,0.607
46.63,3.42,51.04,0.391,0.051
145.54,7.38,53.6,0.212,0.325
84.78,4.99,1.26,0.176,0.722
183.48,6.53,24.77,0.178,0.722
168.33,6.59,22.43,0.185,0.869
103.01,5.53,42.0,0.287,0.448
124.31,4.43,49.61,0.244,0.291
97.04,4.62,69.93,0.1,-0.016
146.87,4.17,30.1,0.507,0.659
197.76,4.34,30.05,0.457,0.798
100.71,5.87,62.99,0.203,0.199
175.2,4.57,45.93,0.271,0.292
123.49,7.36,65.35,0.124,0.186
110.36,8.97,45.77,0.213,0.551
144.65,4.84,16.86,0.018,0.653
98.24,6.48,13.34,0.213,0.807
122.32,7.0,8.97,0.362,0.904
90.11,6.94,53.24,0.229,0.346
248.24,6.15,63.77,0.238,0.525
151.76,7.49,76.99,0.439,0.367
115.01,6.96,56.86,0.324,0.521
160.7,3.52,63.26,0.156,0.147
144.38,7.74,28.4,0.392,0.866
138.95,7.77,16.87,0.233,0.72
180.71,4.47,57.0,0.602,0.72
187.88,6.08,48.35,0.255,0.663
123.47,7.37,42.15,0.118,0.484
121.21,5.58,47.75,0.176,0.185
136.25,8.15,46.46,0.229,0.634
34.9,10.73,65.68,0.477,0.266
74.24,4.43,65.9,0.201,-0.056
218.34,3.24,50.88,0.105,0.23
232.25,6.61,56.92,0.137,0.55
137.55,7.44,50.28,0.07,0.238
178.83,5.54,30.78,0.33,0.724
165.56,8.91,55.13,0.221,0.574
303.94,3.32,12.11,0.387,1.349
205.98,7.39,61.08,0.415,0.788
143.6,4.79,16.11,0.251,0.476
102.22,9.44,45.72,0.474,0.768
69.68,9.99,23.1,0.057,0.544
160.17,4.47,51.07,0.385,0.446
112.18,4.9,39.32,0.487,0.49
78.89,7.72,8.1,0.263,0.746
117.67,5.23,48.41,0.188,0.304
95.92,5.91,28.44,0.549,0.776
234.36,6.05,57.62,0.144,0.525
194.08,2.16,40.03,0.287,0.267
149.6,5.97,47.91,0.174,0.358
224.0,4.62,20.85,0.163,0.707
153.87,5.01,28.21,0.104,0.719
106.94,8.89,30.83,0.519,0.878
226.16,3.49,57.13,0.141,0.468
176.95,7.63,73.55,0.194,0.396
98.14,5.44,23.9,0.371,0.655
140.48,5.44,61.54,0.267,0.25
106.22,7.58,0.0,0.182,0.789
80.86,6.68,16.12,0.173,0.351
196.31,7.14,20.82,0.275,0.972
245.47,7.94,12.95,0.181,1.179
80.07,5.34,8.33,0.391,0.732
178.15,4.78,48.26,0.379,0.608
117.47,3.83,35.72,0.297,0.303
125.64,4.35,47.59,0.353,0.371
120.38,11.9,53.81,0.194,0.508
106.8,8.49,45.31,0.268,0.573
152.43,3.3,53.16,0.182,0.24
108.45,3.36,38.61,0.526,0.464
163.52,6.96,16.26,0.125,0.76
147.49,7.09,61.16,0.251,0.282
138.05,7.1,28.22,0.286,0.683
104.62,5.49,21.29,0.262,0.643
121.16,5.75,36.44,0.487,0.543
187.77,6.66,21.74,0.217,0.846
175.05,6.17,31.65,0.281,0.667
101.12,1.56,46.88,0.347,0.057
154.97,5.54,46.97,0.294,0.694
187.57,4.3,22.04,0.311,0.932
66.53,6.35,30.25,0.167,0.289
177.17,11.97,61.49,0.104,0.569
116.87,6.73,49.93,0.197,0.144
178.53,5.37,81.5,0.387,0.139
111.84,7.84,63.6,0.289,0.21
59.76,6.97,62.89,0.256,0.1
68.62,6.84,12.24,0.224,0.594
152.4,7.21,55.28,0.601,0.779
162.99,10.11,38.94,0.571,1.13
104.78,3.74,28.98,0.257,0.445
181.93,6.95,43.36,0.083,0.418
66.92,4.15,58.9,0.756,0.456
146.7,7.11,50.02,0.82,1.015
89.45,4.16,22.43,0.485,0.598
117.41,5.17,54.85,0.235,0.065
152.37,5.41,27.25,0.569,1.028
106.98,7.95,44.33,0.444,0.639
130.77,7.84,33.93,0.274,0.387
200.31,3.51,35.62,0.315,0.879
121.16,6.11,55.32,0.116,0.161
191.78,4.58,19.2,0.465,1.228
93.51,3.48,78.9,0.431,0.048
176.49,5.57,3.58,0.247,0.95
222.08,5.38,28.05,0.097,0.751
26.42,10.85,47.4,0.167,0.21
110.16,6.87,51.69,0.135,0.271
178.85,3.24,37.99,0.393,0.835
139.85,4.87,38.85,0.26,0.393
168.56,8.04,48.21,0.449,0.839
119.8,10.18,35.38,0.075,0.502
154.33,2.83,67.86,0.408,0.235
142.22,2.24,56.79,0.307,0.414
208.39,9.74,57.46,0.395,0.906
162.72,6.78,20.68,0.151,0.816
166.88,4.26,38.41,0.251,0.538
129.41,7.07,33.99,0.215,0.843
125.62,1.0,19.89,0.465,0.505
128.37,6.01,47.2,0.08,0.119
169.72,6.66,29.25,0.109,0.805
128.95,7.85,53.11,0.12,0.306
164.49,3.97,18.6,0.11,0.635
253.77,6.17,74.38,0.12,0.594
193.56,4.15,22.07,0.249,0.809
133.7,6.51,44.39,0.329,0.769
210.06,4.21,55.84,0.092,0.37
129.6,5.18,28.59,0.242,0.485
48.09,4.01,57.05,0.303,-0.219
99.6,7.3,15.42,0.403,0.862
56.46,7.72,69.04,0.051,-0.318
132.42,5.53,40.28,0.345,0.579
150.92,6.08,28.07,0.304,0.865
233.82,3.1,34.02,0.239,0.706
166.35,5.4,56.18,0.171,0.363
139.04,5.9,28.31,0.108,0.607
191.47,11.24,25.01,0.072,1.011
39.44,3.78,35.57,0.388,0.378
161.78,8.93,16.46,0.087,0.835
188.54,7.99,76.41,0.117,0.07
76.07,6.56,28.67,0.322,0.645
207.19,9.52,56.63,0.027,0.529
166.92,6.74,44.19,0.269,0.523
129.24,6.78,20.31,0.195,0.713
181.64,5.89,39.88,0.305,0.703
263.53,8.45,55.68,0.15,0.701
159.09,8.19,36.23,0.228,0.578
162.41,4.75,63.86,0.328,0.396
127.03,3.36,60.43,0.514,0.271
107.51,5.59,58.38,0.181,0.175
191.52,4.4,30.81,0.173,0.662
107.2,5.87,18.4,0.109,0.615
153.58,8.47,27.73,0.231,1.004
126.12,5.09,43.92,0.431,0.562
173.95,5.91,50.92,0.363,0.556
166.68,6.12,0.0,0.344,1.247
201.88,7.7,39.84,0.409,1.024
124.5,1.51,43.16,0.179,0.177
136.51,4.79,34.45,0.018,0.342
101.06,6.42,65.83,0.164,0.1
127.79,8.4,48.44,0.39,0.647
168.87,5.02,66.2,0.13,0.19
187.85,2.25,35.68,0.407,0.548
103.89,7.24,58.75,0.251,0.288
193.48,4.73,72.7,0.288,0.496
217.78,3.62,66.23,0.402,0.412
170.67,4.75,18.16,0.201,0.702
243.84,5.63,34.93,0.571,1.032
111.31,4.79,33.1,0.253,0.56
87.77,1.59,49.79,0.559,0.375
61.06,7.79,53.73,0.296,0.145
224.8,8.55,23.22,0.174,0.807
182.72,7.3,41.36,0.374,0.886
147.22,3.72,0.0,0.302,0.736
164.0,5.6,68.84,0.095,0.242
93.73,5.99,29.75,0.496,0.616
272.29,7.2,41.12,0.343,1.109
156.46,7.34,33.81,0.525,0.963
155.47,4.53,62.92,0.296,0.247
186.29,6.16,0.0,0.15,0.9
174.05,6.91,39.67,0.305,0.773
161.19,8.91,37.88,0.303,0.724
110.48,7.41,30.93,0.177,0.645
173.57,7.58,74.52,0.196,0.228
244.1,6.17,22.25,0.242,1.047
217.27,8.82,55.44,0.524,0.919
229.66,6.82,47.13,0.051,0.6
124.44,4.28,65.23,0.216,0.038
100.52,8.81,26.66,0.526,0.878
143.71,7.4,25.34,0.094,0.366
152.79,5.11,61.92,0.795,0.649
204.71,5.04,48.51,0.402,0.644
65.38,6.59,9.1,0.121,0.525
226.48,6.93,29.21,0.298,1.102
142.1,6.39,47.73,0.165,0.331
128.66,6.62,56.76,0.153,0.413
99.39,9.4,26.42,0.311,0.667
67.26,8.14,0.0,0.04,0.53
191.16,6.38,50.46,0.054,0.242
153.67,7.88,15.59,0.318,1.014
85.5,3.93,0.0,0.181,0.606
85.25,6.8,0.0,0.364,0.942
133.21,9.62,56.28,0.261,0.54
233.45,5.56,42.57,0.156,0.677
137.02,4.3,35.49,0.379,0.603
74.84,4.7,67.78,0.302,0.239
137.71,3.82,52.75,0.767,0.643
136.36,4.43,72.33,0.186,0.261
20.0,5.26,12.15,0.096,0.364
147.29,3.19,39.31,0.476,0.626
138.45,6.03,7.67,0.229,0.879
184.81,7.8,35.41,0.112,0.36
242.45,4.18,35.03,0.312,0.81
206.33,9.04,52.53,0.292,0.712
136.56,7.02,40.91,0.254,0.766
94.67,8.06,52.47,0.362,0.418
278.67,4.68,54.07,0.185,0.674
152.96,7.71,83.1,0.464,0.38
150.7,3.82,33.69,0.336,0.444
148.79,7.78,21.18,0.104,0.651
159.9,6.34,44.92,0.371,0.726
142.78,7.11,23.95,0.206,0.496
121.32,3.65,69.64,0.774,0.5
122.66,4.21,34.34,0.176,0.286
148.36,7.19,28.69,0.109,0.735
122.83,4.1,30.57,0.161,0.436
114.36,6.93,54.37,0.224,0.173
155.32,3.27,36.85,0.227,0.401
137.25,7.7,27.17,0.36,0.859
225.2,3.53,73.31,0.068,0.143
20.0,7.1,22.88,0.131,0.306
204.58,7.25,40.71,0.269,0.783
212.3,4.61,53.05,0.091,0.496
46.33,7.16,7.37,0.386,0.776
132.87,6.52,49.61,0.135,0.331
131.43,4.92,18.9,0.182,0.599
79.62,3.98,56.46,0.087,-0.165
111.11,2.07,20.75,0.08,0.44
94.47,6.7,53.86,0.467,0.749
237.61,2.87,62.12,0.235,0.39
196.78,6.19,57.23,0.151,0.453
213.58,5.47,45.03,0.401,0.887
186.08,7.36,35.37,0.736,1.262
93.55,5.4,28.47,0.218,0.458
123.77,5.34,69.42,0.47,0.222
174.47,7.46,26.01,0.435,1.166
88.89,6.67,19.26,0.299,0.715
185.65,6.63,53.31,0.24,0.569
137.98,6.94,24.08,0.665,0.979
131.26,2.93,21.0,0.1,0.416
185.55,7.51,11.13,0.526,1.06
172.21,7.22,30.34,0.216,0.822
131.95,3.97,38.35,0.184,0.456
207.97,5.51,44.86,0.084,0.541
95.95,5.92,59.03,0.213,0.068
180.8,5.73,50.54,0.092,0.442
179.66,6.67,36.18,0.47,0.965
134.52,8.86,36.04,0.259,0.619
166.31,8.16,50.2,0.379,0.802
87.44,3.38,65.45,0.219,0.004
196.2,7.24,42.53,0.359,0.785
140.75,8.66,30.62,0.146,0.61
123.86,6.77,20.14,0.187,0.641
202.45,8.18,11.1,0.127,0.91
114.78,10.02,53.33,0.387,0.648
79.58,8.05,51.56,0.168,0.316
72.17,6.5,51.55,0.382,0.449
180.3,8.09,37.43,0.021,0.618
85.98,6.29,68.14,0.556,0.375
237.74,6.05,30.32,0.224,0.865
45.9,5.3,59.11,0.373,0.022
234.82,9.13,39.23,0.021,0.742
160.55,4.36,27.83,0.051,0.605
145.16,9.06,51.85,0.795,1.069
122.75,7.0,48.19,0.178,0.42
169.96,3.2,47.14,0.531,0.442
148.12,6.74,41.63,0.137,0.506
205.17,1.8,39.24,0.275,0.4
155.71,7.25,87.77,0.255,0.03
157.52,7.77,63.69,0.143,0.224
131.82,4.82,54.46,0.239,0.206
147.15,6.25,42.24,0.099,0.494
165.39,9.91,60.14,0.596,0.89
64.49,4.99,50.36,0.274,0.064
82.59,3.88,40.52,0.239,0.17
187.16,8.96,33.93,0.096,0.797
158.54,9.93,38.38,0.312,0.908
140.8,6.01,0.0,0.091,0.809
150.92,8.02,44.21,0.098,0.376
167.38,8.68,30.23,0.141,0.705
123.01,4.52,71.85,0.036,0.144
111.08,5.03,40.39,0.09,0.132
159.79,8.46,16.22,0.275,0.998
101.08,9.37,39.0,0.293,0.828
170.41,7.13,19.08,0.098,0.728
64.87,4.24,49.47,0.354,0.379
201.46,9.97,45.82,0.393,0.89
173.63,4.94,59.16,0.421,0.316
162.8,5.33,24.18,0.467,0.829
199.13,6.68,40.68,0.209,0.616
233.27,9.11,12.7,0.167,0.995
200.72,7.71,54.03,0.241,0.599
57.96,6.83,50.38,0.297,0.348
86.02,6.93,49.92,0.413,0.376
118.76,6.09,40.03,0.058,0.269
151.3,7.12,48.3,0.317,0.717
175.88,1.0,72.09,0.216,-0.045
113.71,5.41,34.3,0.241,0.523
159.34,6.48,42.77,0.231,0.389
112.23,3.7,18.28,0.146,0.359
119.42,6.77,22.63,0.288,0.68
79.67,5.59,41.96,0.316,0.473
103.84,9.51,62.08,0.306,0.32
82.42,9.15,34.87,0.179,0.407
101.21,5.07,35.28,0.206,0.396
202.68,5.7,31.86,0.042,0.652
102.53,5.85,29.3,0.137,0.313
281.62,5.1,45.9,0.073,0.647
174.67,6.39,10.05,0.41,1.179
159.24,4.48,65.62,0.164,0.059
107.08,3.74,26.69,0.287,0.505
185.02,7.25,54.44,0.25,0.522
121.22,7.26,14.6,0.226,0.902
156.1,4.39,53.38,0.098,0.29
278.0,7.79,53.44,0.193,0.932
145.2,4.74,47.68,0.477,0.524
207.46,6.51,20.11,0.402,1.151
114.84,7.64,44.99,0.527,0.778
148.25,5.93,16.34,0.562,1.079
238.54,6.91,34.94,0.239,0.874
118.65,4.97,60.59,0.389,0.326
240.62,5.61,55.93,0.197,0.415
185.39,5.59,40.3,0.268,0.823
121.88,4.51,20.5,0.282,0.551
181.62,5.65,52.91,0.39,0.576
198.63,2.9,40.39,0.464,0.577
181.09,5.02,0.0,0.246,1.058
71.49,5.43,55.65,0.284,0.209
113.64,5.49,39.52,0.232,0.376
137.62,5.52,64.05,0.279,0.038
146.28,5.88,18.09,0.263,0.691
181.03,6.96,0.0,0.355,1.221
158.89,7.75,45.58,0.136,0.542
83.23,4.7,45.83,0.163,0.152
169.01,3.59,6.19,0.436,0.931
180.53,3.92,20.43,0.329,0.638
177.99,5.03,95.1,0.194,0.085
204.04,5.3,33.89,0.584,0.861
191.7,4.46,54.62,0.035,0.26
172.96,3.41,26.99,0.257,0.521
146.49,5.09,0.0,0.243,0.988
66.95,6.36,36.59,0.451,0.572
171.48,7.19,34.69,0.201,0.652
160.38,4.89,32.0,0.242,0.668
163.58,5.17,37.71,0.278,0.445
86.16,4.15,45.29,0.115,0.097
95.95,5.94,37.0,0.296,0.346
202.66,4.3,14.72,0.271,0.996
148.02,7.15,49.72,0.482,0.727
184.08,2.43,1.01,0.685,1.277
151.42,5.28,0.0,0.477,1.045
151.49,6.6,54.78,0.226,0.492
196.91,6.37,50.14,0.108,0.383
124.2,11.39,38.85,0.163,0.586
154.81,6.7,12.09,0.176,0.802
126.89,3.99,25.84,0.105,0.312
128.28,5.81,34.75,0.453,0.761
134.54,2.45,8.08,0.395,0.714
161.11,5.84,25.22,0.25,0.615
126.06,4.33,53.05,0.236,0.132
212.79,7.83,68.55,0.361,0.703
105.27,4.9,31.61,0.3,0.231
140.66,5.77,55.13,0.214,0.229
128.01,4.73,1.72,0.219,0.919
222.35,9.48,53.19,0.443,0.929
159.83,5.36,23.92,0.154,0.703
201.59,9.67,46.15,0.443,1.024
75.72,7.63,35.04,0.325,0.499
163.35,6.96,66.41,0.566,0.461
194.48,6.74,22.51,0.22,0.739
154.11,6.79,52.55,0.104,0.225
203.27,2.14,34.41,0.315,0.673
124.14,5.44,36.83,0.136,0.452
220.47,7.69,36.32,0.131,0.699
264.94,5.9,23.09,0.545,1.287
131.86,3.19,39.72,0.458,0.525
127.72,5.9,38.75,0.251,0.499
222.67,9.41,44.82,0.29,0.846
228.98,8.49,41.69,0.279,1.082
123.86,5.88,55.96,0.363,0.464
128.99,7.9,58.47,0.216,0.377
135.91,5.27,18.99,0.014,0.441
82.78,2.59,57.38,0.083,-0.213
104.07,4.15,16.27,0.175,0.537
99.79,9.13,51.76,0.214,0.362
111.61,5.45,52.39,0.383,0.403
148.27,5.51,1.77,0.483,0.899
161.71,5.4,41.86,0.172,0.421
227.53,9.81,30.63,0.269,1.071
100.08,9.25,24.82,0.379,0.915
199.22,10.44,67.02,0.172,0.495
139.3,5.68,26.93,0.464,0.655
147.53,6.59,23.87,0.077,0.639
183.74,2.97,41.51,0.246,0.475
93.86,8.95,53.71,0.245,0.216
169.12,3.66,37.17,0.373,0.45
158.32,6.43,63.33,0.112,0.188
174.62,3.81,50.62,0.466,0.572
164.46,4.82,0.0,0.403,1.196
272.77,4.33,29.41,0.251,0.833
118.11,4.78,28.76,0.218,0.534
123.45,4.92,49.59,0.362,0.214
118.84,4.9,0.0,0.409,0.965
122.23,7.67,90.98,0.43,0.335
118.13,3.79,50.62,0.17,0.188
209.45,6.44,42.98,0.149,0.573
221.03,8.44,63.63,0.148,0.69
121.46,4.97,86.87,0.446,0.136
108.38,4.56,57.41,0.251,0.195
173.57,5.54,58.98,0.124,0.205
122.39,8.36,42.61,0.384,0.702
181.65,6.39,37.17,0.397,0.742
160.15,4.94,30.48,0.219,0.629
74.21,6.97,23.48,0.095,0.417
227.38,3.8,26.26,0.737,1.307
239.79,7.36,12.99,0.236,1.089
119.36,6.82,38.48,0.359,0.586
130.61,5.38,6.31,0.226,0.858
164.29,4.32,43.82,0.152,0.369
166.72,4.23,39.27,0.328,0.579
182.93,7.07,42.94,0.119,0.528
250.51,8.46,29.56,0.373,1.161
141.15,4.73,101.54,0.586,0.18
110.09,6.92,67.2,0.203,0.35
81.03,1.83,15.11,0.187,0.165
113.45,4.83,44.66,0.134,0.116
148.34,5.94,27.84,0.193,0.604
239.73,4.18,19.71,0.22,0.912
124.12,4.13,13.2,0.459,0.792
161.19,4.66,48.64,0.332,0.441
149.18,6.58,26.37,0.435,0.738
209.42,5.63,59.36,0.196,0.412
276.35,1.52,59.88,0.314,0.639
123.46,1.76,67.48,0.299,0.032
125.53,4.79,22.95,0.038,0.485
202.21,6.92,49.51,0.044,0.372
184.09,1.0,52.65,0.05,0.26
242.34,5.0,30.52,0.24,0.807
179.2,4.95,24.56,0.406,0.912
132.04,8.78,72.19,0.145,0.217
179.53,5.23,44.55,0.091,0.373
205.44,6.77,52.72,0.177,0.613
191.02,6.28,23.56,0.257,0.917
175.36,1.74,15.61,0.135,0.834
203.33,7.54,28.61,0.104,0.848
208.46,6.43,37.52,0.099,0.713
219.11,7.02,18.72,0.68,1.479
182.44,13.85,39.8,0.082,0.96
141.64,1.83,6.23,0.346,0.727
157.34,9.45,17.6,0.67,1.337
210.33,5.43,53.42,0.447,0.811
109.15,6.57,52.08,0.104,0.358
168.43,5.91,32.16,0.579,0.791
130.33,5.15,19.64,0.085,0.331
151.44,4.86,19.45,0.174,0.777
213.92,6.66,32.53,0.22,0.746
159.55,2.97,52.89,0.112,0.022
152.32,7.5,58.56,0.291,0.304
82.01,5.17,30.07,0.148,0.502
187.31,3.74,16.93,0.667,1.201
182.27,5.1,45.36,0.208,0.435
258.16,8.51,23.53,0.403,1.212
134.61,4.93,29.63,0.578,0.822
160.96,6.72,66.51,0.351,0.52
162.47,4.54,56.54,0.659,0.646
228.87,7.52,43.16,0.437,0.902
145.24,7.37,14.56,0.319,1.028
163.95,9.7,44.23,0.231,0.716
180.39,5.65,61.25,0.07,0.248
159.33,7.34,32.49,0.244,0.775
127.68,6.2,67.02,0.131,-0.086
159.7,8.59,65.85,0.498,0.696
203.68,4.56,73.27,0.131,0.252
98.67,7.49,46.1,0.283,0.298
156.65,5.61,51.75,0.393,0.353
114.99,5.87,68.28,0.118,-0.006
209.75,6.18,48.95,0.292,0.701
73.84,6.5,29.98,0.184,0.422
122.05,5.77,31.03,0.361,0.804
168.86,6.43,44.77,0.087,0.469
228.28,9.16,14.19,0.658,1.387
146.71,7.97,37.13,0.314,0.693
122.24,7.74,61.93,0.591,0.477
244.06,5.09,0.0,0.449,1.328
77.6,4.22,70.69,0.162,0.008
40.06,7.91,62.45,0.41,0.265
172.0,7.75,30.8,0.536,0.952
124.9,8.95,50.87,0.471,0.749
98.94,4.79,40.06,0.308,0.304
185.42,5.54,64.6,0.15,0.031
162.19,2.72,59.65,0.376,0.203
121.8,5.22,12.0,0.359,0.839
85.98,7.99,51.75,0.204,0.38
193.62,5.07,35.89,0.111,0.736
182.51,7.28,41.66,0.325,0.789
145.04,5.62,25.44,0.134,0.704
242.33,6.65,74.96,0.204,0.536
96.5,3.7,60.8,0.389,0.272
73.72,6.17,25.2,0.128,0.49
115.4,1.0,13.31,0.084,0.379
147.72,5.63,32.29,0.06,0.557
162.17,2.74,48.69,0.349,0.346
137.94,8.41,44.8,0.36,0.432
167.6,7.55,65.06,0.213,0.465
87.42,6.93,55.8,0.45,0.448
222.19,9.04,59.39,0.232,0.623
145.89,4.1,46.54,0.239,0.242
205.86,9.49,12.21,0.214,1.155
167.14,7.86,36.09,0.057,0.651
172.84,5.53,61.2,0.172,0.373
178.49,8.27,38.97,0.06,0.506
172.39,3.79,50.06,0.185,0.274
182.14,4.35,33.63,0.401,0.816
216.46,4.78,19.4,0.046,0.738
159.83,4.94,37.53,0.175,0.597
185.45,3.89,46.18,0.173,0.395
145.51,8.45,26.89,0.374,0.963
222.01,5.48,35.29,0.142,0.697
116.18,6.71,21.21,0.429,0.743
240.05,4.86,62.38,0.152,0.553
147.99,2.36,34.11,0.441,0.475
78.46,6.54,69.06,0.41,0.207
156.41,2.18,70.57,0.27,0.106
115.95,5.86,38.38,0.225,0.425
192.03,3.26,19.83,0.089,0.711
117.37,9.97,0.0,0.272,1.126
127.69,7.82,10.56,0.443,1.068
55.52,6.21,12.52,0.109,0.446
127.38,8.53,67.57,0.45,0.678
28.81,4.31,42.32,0.49,0.417
70.8,7.09,47.79,0.141,0.294
188.02,6.4,0.0,0.268,1.174
189.29,6.53,16.04,0.623,1.172
171.27,8.54,57.74,0.174,0.498
101.65,7.46,45.74,0.421,0.621
147.61,6.58,37.06,0.14,0.619
149.82,2.69,51.3,0.239,0.351
92.08,4.08,72.72,0.157,-0.063
225.17,5.75,35.58,0.228,0.99
193.87,6.19,41.39,0.379,0.767
138.95,3.74,43.85,0.267,0.48
151.34,10.82,87.84,0.271,0.423
160.42,9.03,0.0,0.14,1.09
47.91,7.2,53.66,0.557,0.461
137.64,6.14,37.7,0.546,0.826
115.9,5.58,51.34,0.365,0.335
99.92,4.1,26.85,0.671,0.813
135.94,6.15,39.02,0.395,0.716
239.88,6.52,54.23,0.031,0.56
182.04,3.52,102.26,0.093,-0.41
121.44,6.67,56.16,0.177,0.119
178.63,5.69,23.04,0.379,0.812
219.97,2.18,31.52,0.069,0.498
196.23,4.28,30.93,0.283,0.643
152.98,5.17,4.09,0.414,1.072
117.65,9.78,33.4,0.193,0.781
184.91,7.11,54.66,0.297,0.735
169.67,3.33,14.52,0.343,0.838
194.76,6.97,60.97,0.363,0.722
181.76,2.91,49.76,0.219,0.312
202.48,8.17,25.32,0.445,1.103
123.24,5.06,37.17,0.196,0.291
215.87,5.81,71.97,0.282,0.565
159.88,8.65,54.67,0.257,0.768
253.76,3.43,40.18,0.232,0.681
115.54,3.21,35.25,0.307,0.183
236.8,4.83,41.53,0.509,0.848
159.9,8.08,29.76,0.06,0.569
117.43,2.96,0.0,0.238,0.558
125.81,1.0,80.84,0.097,-0.407
133.98,5.1,43.11,0.06,0.294
171.21,7.1,47.96,0.158,0.582
176.14,8.4,38.84,0.546,0.79
121.31,5.07,25.3,0.321,0.568
148.78,5.18,36.28,0.207,0.512
257.11,8.31,8.01,0.169,1.135
236.38,2.26,85.54,0.345,0.266
171.82,5.22,15.31,0.259,0.819
151.9,6.38,19.36,0.218,0.71
156.0,6.9,31.19,0.085,0.482
180.68,4.98,65.76,0.137,0.27
98.86,6.07,40.29,0.509,0.528
137.13,1.02,15.28,0.303,0.379
66.57,4.68,65.09,0.135,-0.107
169.96,6.91,54.62,0.332,0.45
182.36,4.04,50.77,0.437,0.426
125.84,6.12,54.31,0.171,0.29
228.7,6.89,87.89,0.233,0.322
88.71,5.31,83.7,0.248,-0.193
76.78,6.34,26.27,0.127,0.409
161.22,4.07,72.48,0.308,0.251
202.35,5.59,47.66,0.134,0.541
234.2,7.22,49.98,0.066,0.637
127.06,6.31,6.15,0.131,0.579
203.93,4.83,36.59,0.297,0.854
148.07,6.45,23.74,0.135,0.693
141.37,7.43,56.56,0.239,0.326
194.18,1.9,61.42,0.265,0.274
182.62,8.32,0.0,0.088,1.052
71.18,5.33,39.56,0.69,0.632
223.83,6.85,62.44,0.203,0.732
219.0,8.39,36.27,0.421,0.856
118.72,3.26,54.58,0.238,0.016
169.79,4.58,47.02,0.416,0.371
174.7,5.42,46.83,0.377,0.636
163.03,4.43,34.57,0.265,0.631
122.48,9.47,15.67,0.069,0.776
116.42,4.29,17.57,0.549,0.798
148.72,4.89,54.19,0.13,0.293
208.64,6.41,40.39,0.089,0.584
177.18,3.6,37.23,0.394,0.728
131.47,5.21,31.52,0.301,0.691
188.58,6.63,33.9,0.241,0.658
20.0,5.33,60.94,0.169,-0.176
207.44,5.81,33.3,0.503,0.97
63.01,4.94,13.18,0.104,0.53
131.88,2.97,54.87,0.275,0.134
94.02,6.64,35.9,0.09,0.437
85.27,9.51,40.63,0.382,0.484
208.04,6.04,72.15,0.664,0.86
126.61,6.45,39.59,0.346,0.669
167.33,7.39,45.78,0.138,0.508
147.65,3.46,16.42,0.418,0.878
173.85,9.41,35.61,0.184,0.733
153.84,6.4,52.19,0.161,0.296
85.85,9.26,8.89,0.236,0.991
199.81,4.53,44.02,0.065,0.384
125.31,9.64,42.02,0.564,0.956
72.17,7.55,40.83,0.264,0.508
128.59,7.11,60.74,0.277,0.436
225.04,6.47,46.69,0.516,1.005
192.51,5.5,69.56,0.525,0.645
132.57,8.4,20.13,0.179,0.866
132.54,6.28,42.72,0.284,0.544
133.92,2.07,41.69,0.143,0.199
253.84,3.77,18.61,0.462,0.996
169.1,5.63,59.13,0.552,0.671
171.5,6.62,86.49,0.058,0.13
201.51,5.89,39.66,0.57,0.848
161.94,8.44,50.1,0.113,0.474
137.05,2.1,41.69,0.195,0.297
140.18,6.29,25.73,0.086,0.697
146.42,2.36,3.58,0.333,0.672
148.14,7.52,25.88,0.117,0.734
186.38,5.81,12.16,0.217,0.866
152.6,6.84,74.08,0.212,0.161
186.63,4.27,37.7,0.044,0.34
145.96,8.56,33.08,0.339,0.74
153.93,8.08,57.78,0.03,0.362
50.09,7.17,17.56,0.199,0.469
195.82,5.74,24.66,0.406,1.024
167.32,7.16,41.36,0.431,0.679
199.9,4.59,60.58,0.202,0.454
20.0,7.71,50.03,0.109,0.075
254.42,9.3,44.97,0.312,0.877
143.02,8.14,41.56,0.344,0.846
205.41,4.54,48.0,0.387,0.707
98.0,6.72,44.03,0.251,0.467
180.64,3.41,19.4,0.421,0.971
97.33,7.14,40.92,0.211,0.506
118.81,6.9,18.53,0.208,0.67
245.7,2.26,41.62,0.208,0.673
140.47,3.68,30.39,0.312,0.37
160.87,5.43,90.79,0.242,0.08
193.5,5.4,39.2,0.522,1.049
174.78,3.58,11.92,0.497,0.912
157.52,6.78,37.32,0.284,0.757
168.25,6.5,50.39,0.057,0.549
270.17,5.61,73.47,0.559,0.872
147.12,4.49,28.21,0.378,0.788
160.05,8.1,8.35,0.078,0.707
202.53,9.31,56.34,0.408,0.743
205.28,5.03,12.39,0.059,0.934
209.35,4.78,31.28,0.074,0.709
181.94,6.98,34.85,0.226,0.777
92.85,5.28,38.61,0.8,0.77
231.67,5.72,53.78,0.136,0.58
92.68,7.48,26.33,0.549,1.002
165.13,2.18,34.53,0.415,0.581
112.29,8.64,39.71,0.136,0.55
146.79,6.15,42.99,0.316,0.638
166.44,5.18,41.96,0.57,0.728
166.07,5.82,48.72,0.362,0.533
171.1,5.92,56.88,0.086,0.462
230.69,2.54,47.85,0.055,0.441
172.68,8.99,49.07,0.434,0.756
137.79,6.08,8.36,0.161,0.732
198.2,6.89,41.0,0.243,0.625
209.47,7.9,49.59,0.182,0.78
88.62,3.96,54.58,0.208,0.059
179.87,6.95,26.15,0.203,0.764
185.06,5.46,26.82,0.14,0.757
135.12,7.69,28.52,0.37,0.633
218.79,1.75,50.73,0.416,0.565
142.5,5.8,60.68,0.149,0.229
156.28,4.79,31.85,0.159,0.489
141.35,6.86,58.16,0.482,0.516
150.78,6.94,42.47,0.14,0.415
95.19,4.58,37.51,0.356,0.453
78.0,4.58,35.77,0.518,0.419
229.73,5.78,54.93,0.107,0.531
107.65,4.21,46.51,0.163,0.144
100.43,7.68,85.52,0.175,-0.078
42.33,5.26,22.96,0.22,0.356
118.05,1.0,50.36,0.287,0.08
83.85,5.25,29.42,0.177,0.488
232.1,3.92,22.61,0.335,0.92
200.49,2.74,39.78,0.378,0.747
115.59,3.53,42.75,0.776,0.64
262.62,6.22,98.36,0.485,0.425
199.09,8.66,36.32,0.36,0.788
133.76,6.63,17.4,0.256,0.714
25.03,4.79,45.46,0.222,0.014
264.55,6.91,0.0,0.461,1.516
80.52,5.08,38.16,0.206,0.349
67.73,4.61,40.32,0.21,0.261
201.13,3.69,55.89,0.141,0.455
271.99,2.5,59.47,0.221,0.434
219.21,5.22,29.93,0.12,0.718
178.2,6.32,36.99,0.263,0.591
179.74,5.81,24.68,0.211,0.793
192.67,5.17,17.44,0.279,1.066
187.95,4.11,46.2,0.258,0.394
164.06,7.22,14.53,0.381,1.081
155.21,3.37,31.71,0.274,0.641
146.87,7.55,20.1,0.336,0.797
112.3,4.0,50.99,0.338,0.341
135.97,4.5,76.03,0.308,0.083
65.35,3.07,13.97,0.323,0.456
145.08,5.0,2.94,0.225,0.796
100.57,7.95,37.5,0.547,0.739
94.82,7.03,40.31,0.314,0.6
158.99,7.96,44.37,0.065,0.475
219.6,7.04,31.07,0.131,0.745
195.92,3.79,35.99,0.312,0.674
71.47,5.34,47.35,0.233,-0.018
100.52,4.44,60.81,0.273,0.052
197.04,8.66,0.9,0.055,1.184
100.88,3.61,32.62,0.336,0.411
138.77,7.79,44.28,0.076,0.376
177.5,7.79,21.64,0.52,1.139
101.58,9.66,74.62,0.173,0.254
155.27,5.18,27.29,0.304,0.828
83.3,7.42,39.17,0.136,0.293
119.93,10.56,51.12,0.03,0.358
165.99,4.76,28.17,0.125,0.532
70.35,2.93,3.07,0.22,0.606
172.02,2.24,31.43,0.055,0.364
149.02,7.43,60.59,0.662,0.958
177.62,2.23,33.26,0.26,0.504
161.2,5.26,23.07,0.157,0.818
218.21,6.87,58.51,0.436,0.673
156.26,6.37,33.38,0.219,0.489
128.53,6.85,29.8,0.37,0.716
156.11,6.44,42.99,0.112,0.564
177.16,8.56,55.42,0.447,0.715
152.44,4.1,87.63,0.133,-0.17
152.03,4.65,56.54,0.254,0.429
114.9,4.45,63.2,0.251,0.206
116.85,7.66,29.88,0.495,0.752
79.87,7.8,19.48,0.291,0.583
237.48,6.9,41.25,0.309,0.975
87.81,8.37,42.14,0.415,0.43
115.35,3.64,18.43,0.118,0.547
114.08,9.33,36.49,0.211,0.682
194.75,9.05,47.99,0.436,0.677
135.25,7.47,47.21,0.345,0.585
212.39,9.56,50.09,0.224,0.596
116.33,2.69,45.82,0.392,0.218
163.95,4.95,29.86,0.173,0.529
108.23,4.53,29.72,0.175,0.267
257.26,7.44,16.02,0.15,1.325
90.62,3.9,75.7,0.328,0.058
165.49,7.51,40.27,0.167,0.74
181.69,8.74,35.5,0.507,1.019
170.69,7.39,21.42,0.765,1.282
140.74,6.57,98.71,0.143,0.036
143.51,4.02,18.53,0.226,0.671
152.19,4.31,31.42,0.383,0.725
142.65,8.5,48.32,0.328,0.541
198.19,7.56,52.0,0.201,0.522
260.53,5.92,59.16,0.327,0.774
122.13,5.16,76.15,0.37,0.196
81.51,1.95,50.12,0.383,0.048
145.59,3.86,18.88,0.536,0.905
278.99,9.82,34.86,0.398,1.176
109.82,3.44,46.16,0.22,0.217
231.96,6.38,81.36,0.146,0.174
233.89,8.01,12.04,0.22,1.291
122.32,3.49,64.05,0.313,0.12
178.45,6.37,43.6,0.073,0.407
231.42,7.88,56.76,0.249,0.605
131.04,6.02,37.96,0.614,0.682
139.82,11.74,23.15,0.788,1.449
120.92,2.66,55.02,0.309,0.293
99.26,8.12,53.09,0.075,0.323
117.54,5.65,59.44,0.354,0.463
88.8,7.54,39.73,0.067,0.475
151.7,6.88,28.0,0.2,0.775
111.5,4.53,8.82,0.318,0.677
161.69,6.46,56.39,0.374,0.56
72.21,2.28,48.48,0.537,0.05
166.54,7.21,20.68,0.071,0.773
191.68,6.6,29.23,0.263,0.838
50.31,7.28,30.66,0.182,0.514
168.7,8.12,10.34,0.388,1.044
211.38,6.74,23.65,0.109,0.873
89.52,6.3,17.32,0.088,0.38
233.63,4.24,31.75,0.279,0.808
170.95,4.58,25.23,0.043,0.36
114.75,8.37,7.46,0.456,1.189
147.21,8.87,80.45,0.356,0.47
177.92,5.52,65.05,0.254,0.315
153.8,6.09,24.42,0.189,0.699
176.94,4.19,45.45,0.268,0.504
103.97,8.35,48.35,0.259,0.392
158.47,7.33,63.82,0.525,0.636
79.31,9.88,23.63,0.53,0.875
144.44,4.24,61.84,0.517,0.539
104.8,5.24,29.04,0.555,0.709
113.22,6.46,13.28,0.348,1.047
211.8,7.29,54.48,0.171,0.585
204.57,5.57,65.82,0.479,0.628
180.46,4.25,91.76,0.547,0.327
95.38,7.76,16.01,0.435,0.946
134.18,7.44,53.98,0.442,0.597
210.65,4.17,31.8,0.198,0.732
157.09,8.71,55.67,0.45,0.728
265.97,8.34,10.59,0.14,1.143
169.67,6.27,14.74,0.512,0.98
159.6,6.16,24.48,0.212,0.782
134.54,7.11,41.58,0.085,0.563
156.68,4.28,27.18,0.588,0.72
142.38,6.06,53.18,0.447,0.412
185.41,1.7,60.54,0.368,0.185
197.84,7.75,51.99,0.335,0.806
110.7,2.88,72.38,0.208,0.005
83.44,9.01,48.32,0.411,0.449
58.19,5.34,15.66,0.142,0.619
175.4,5.58,67.27,0.102,0.175
94.83,4.74,27.9,0.508,0.792
42.36,5.42,58.21,0.436,0.246
169.43,8.84,71.47,0.501,0.54
274.65,1.02,49.13,0.626,0.842
149.7,8.55,10.08,0.129,0.792
191.92,6.68,21.64,0.364,0.85
154.09,3.59,66.45,0.253,0.154
145.06,3.85,36.62,0.395,0.458
195.95,9.35,41.59,0.21,0.79
135.49,4.11,55.18,0.477,0.635
163.37,3.69,53.93,0.444,0.561
166.08,8.27,45.58,0.352,0.682
116.6,6.68,35.83,0.041,0.294
199.6,4.12,33.75,0.231,0.613
141.25,6.43,57.16,0.613,0.871
112.21,3.95,51.07,0.396,0.231
176.83,8.2,34.85,0.521,1.009
105.08,8.12,61.64,0.049,0.191
151.41,7.06,37.42,0.045,0.59
149.54,6.72,22.97,0.252,0.724
204.29,9.52,24.82,0.36,1.032
173.73,6.0,20.43,0.397,0.963
148.75,3.64,34.55,0.218,0.588
190.89,6.9,64.67,0.272,0.461
219.51,10.17,23.9,0.08,0.908
177.89,3.97,43.77,0.315,0.558
150.52,5.28,26.87,0.117,0.378
84.41,6.83,34.79,0.433,0.572
96.74,5.89,9.8,0.269,0.82
134.74,4.04,35.59,0.425,0.678
119.52,8.24,36.13,0.18,0.539
140.65,10.64,50.81,0.303,0.854
152.83,6.39,44.47,0.181,0.67
176.48,4.19,16.03,0.149,0.764
146.48,2.9,61.68,0.223,-0.001
174.33,6.52,44.21,0.15,0.339
153.22,8.21,43.97,0.453,0.931
51.23,6.95,39.82,0.272,0.345
103.03,6.0,29.64,0.221,0.653
142.8,4.82,44.36,0.29,0.324
89.52,3.82,49.51,0.206,0.113
180.0,7.67,5.06,0.246,1.173
226.54,7.83,29.22,0.396,1.023
210.94,2.91,34.9,0.257,0.736
139.33,9.18,45.12,0.244,0.608
224.54,7.15,63.87,0.467,0.769
157.43,8.8,24.57,0.107,0.634
133.15,3.32,30.04,0.187,0.44
119.33,3.27,29.75,0.219,0.618
134.88,5.7,23.97,0.571,0.946
130.59,7.01,33.06,0.288,0.563
158.52,9.59,55.42,0.234,0.728
158.03,7.41,18.92,0.081,0.644
150.15,5.51,48.56,0.171,0.55
171.85,3.95,5.96,0.394,0.841
209.53,8.46,28.77,0.141,0.904
197.48,4.07,33.41,0.339,0.885
75.76,9.26,73.5,0.537,0.298
22.3,5.43,34.5,0.24,0.194
196.72,9.18,0.0,0.192,1.319
81.66,7.36,0.02,0.075,0.447
138.76,5.73,40.68,0.295,0.624
91.49,4.96,52.28,0.351,0.272
59.9,5.32,47.51,0.105,0.199
177.07,6.86,43.35,0.046,0.395
187.96,6.15,63.25,0.298,0.339
121.17,4.81,29.21,0.222,0.436
20.45,5.67,57.9,0.507,0.115
122.69,6.16,7.36,0.091,0.654
169.59,1.74,21.9,0.525,0.75
76.05,6.92,3.86,0.297,0.572
159.17,4.04,34.5,0.27,0.541
149.23,3.69,39.07,0.467,0.639
178.96,2.63,42.28,0.501,0.627
155.98,2.41,41.24,0.213,0.375
101.35,3.29,21.45,0.364,0.553
209.83,4.58,36.2,0.251,0.559
142.07,9.91,10.05,0.107,0.876
148.63,4.95,67.26,0.334,0.3
103.34,6.36,33.93,0.236,0.454
127.84,6.8,30.22,0.16,0.4
105.76,6.26,71.78,0.168,0.169
141.35,5.85,15.16,0.386,0.776
235.59,3.61,17.49,0.282,0.814
81.4,8.9,18.08,0.21,0.68
69.32,9.61,38.64,0.216,0.443
223.56,2.63,48.63,0.09,0.448
139.53,3.95,54.79,0.453,0.518
116.55,5.44,91.44,0.262,-0.011
202.0,4.07,0.0,0.32,1.066
119.72,7.01,52.17,0.31,0.491
241.3,4.54,28.86,0.559,0.954
183.9,10.33,28.27,0.291,1.128
125.6,8.38,27.6,0.169,0.614
257.87,6.43,21.82,0.295,1.31
119.71,8.05,73.69,0.041,0.17
187.1,8.21,56.85,0.213,0.554
164.96,4.87,40.46,0.368,0.631
215.09,4.37,67.02,0.159,0.439
228.08,6.16,9.75,0.553,1.111
151.6,7.72,13.39,0.115,0.783
112.33,6.28,0.0,0.392,1.135
173.0,2.85,26.01,0.199,0.645
116.11,4.39,43.23,0.625,0.552
250.67,5.85,42.06,0.295,0.891
156.83,5.85,42.99,0.129,0.339
131.73,9.95,11.78,0.46,1.108
159.23,3.23,56.06,0.342,0.386
82.64,7.01,44.79,0.43,0.546
101.42,8.98,54.66,0.437,0.629
210.02,10.54,2.14,0.185,1.407
117.16,5.19,46.23,0.681,0.574
97.65,6.98,16.24,0.51,0.89
176.83,7.14,32.05,0.443,0.836
209.29,6.39,50.69,0.258,0.607
185.95,5.8,41.82,0.098,0.433
199.8,6.87,22.97,0.051,0.804
112.16,1.0,40.13,0.09,0.162
78.91,7.36,9.37,0.177,0.763
225.07,6.25,63.01,0.219,0.422
133.87,5.56,35.89,0.191,0.461
137.46,10.09,62.37,0.485,0.568
216.41,4.65,29.47,0.373,0.769
177.81,5.19,29.53,0.559,0.879
172.79,9.98,24.72,0.178,0.947
258.25,4.34,57.52,0.362,0.758
117.82,4.9,25.81,0.563,0.856
196.39,5.71,52.89,0.558,0.851
152.85,7.68,32.35,0.02,0.45
163.43,6.42,0.48,0.152,1.046
226.42,3.41,28.59,0.057,0.69
175.39,4.94,16.42,0.302,0.809
176.91,4.79,40.68,0.375,0.625
203.63,5.85,16.19,0.196,0.832
131.75,6.85,58.52,0.448,0.382
108.04,6.84,38.18,0.226,0.532
97.76,2.45,36.45,0.144,0.249
51.68,8.13,53.12,0.271,0.154
252.81,6.51,59.28,0.065,0.42
94.84,8.77,39.6,0.378,0.535
138.94,6.89,24.58,0.59,0.998
136.16,8.2,4.52,0.475,1.015
165.37,6.93,26.28,0.398,1.011
190.79,8.69,27.66,0.424,1.177
193.02,7.04,42.14,0.243,0.747
120.85,5.8,33.1,0.404,0.726
141.64,10.54,53.76,0.188,0.571
164.13,7.78,27.74,0.224,0.829
137.57,7.15,38.86,0.373,0.55
230.37,3.45,63.68,0.234,0.553
174.55,3.42,46.84,0.276,0.398
186.74,6.59,38.8,0.195,0.644
183.14,6.29,27.96,0.469,1.208
208.67,4.77,27.34,0.305,0.813
159.05,6.28,22.99,0.481,1.02
85.16,9.18,29.18,0.111,0.563
169.98,7.39,55.11,0.175,0.335
117.43,3.72,35.56,0.295,0.319
123.57,5.78,13.0,0.412,1.063
179.32,4.39,75.36,0.236,0.251
211.91,5.22,46.4,0.597,0.909
151.06,5.17,11.86,0.121,0.636
165.44,5.04,31.16,0.296,0.706
235.11,3.49,42.22,0.539,0.93
162.04,5.74,74.09,0.61,0.543
280.08,4.88,17.84,0.228,1.195
178.28,1.0,59.52,0.076,-0.036
61.96,10.11,67.99,0.273,0.129
187.67,8.18,27.43,0.097,0.879
169.06,5.25,34.45,0.258,0.843
214.49,6.04,19.27,0.293,1.071
183.66,3.66,35.93,0.161,0.633
143.08,9.39,39.27,0.342,0.773
88.79,9.79,53.19,0.358,0.537
139.55,6.31,61.8,0.327,0.403
107.47,8.05,25.04,0.359,0.756
120.97,6.35,0.65,0.259,1.022
179.43,3.33,39.58,0.252,0.622
233.5,5.18,45.87,0.227,0.642
169.73,6.26,44.99,0.284,0.435
90.21,5.09,33.47,0.128,0.287
172.23,5.56,42.5,0.377,0.556
209.83,5.82,70.31,0.301,0.46
119.51,5.84,47.63,0.191,0.22
143.3,6.1,32.53,0.14,0.648
150.73,3.88,30.0,0.073,0.473
110.76,4.57,36.6,0.249,0.46
182.41,3.43,72.73,0.22,0.275
143.95,7.96,36.33,0.535,0.934
170.98,1.79,39.6,0.138,0.372
105.63,8.31,30.35,0.183,0.718
128.13,8.77,61.98,0.059,0.237
186.12,5.4,79.2,0.325,0.357
131.36,1.0,49.01,0.189,-0.0
236.35,5.28,41.66,0.339,0.836
130.02,5.87,40.74,0.247,0.7
161.23,3.98,0.0,0.387,1.073
196.63,4.97,54.9,0.442,0.634
79.08,9.06,42.68,0.168,0.424
61.96,7.33,48.57,0.292,0.298
73.72,4.15,25.77,0.164,0.325
213.13,2.8,32.31,0.569,0.872
122.41,5.35,31.78,0.334,0.633
277.91,5.57,60.43,0.162,0.691
121.79,6.99,32.42,0.259,0.598
159.23,4.93,81.65,0.198,0.08
227.11,7.02,48.62,0.532,1.006
250.3,9.87,14.49,0.09,1.119
253.08,7.63,37.43,0.32,1.071
210.42,5.9,26.97,0.37,1.031
201.2,5.63,0.0,0.458,1.398
179.63,5.29,71.99,0.061,0.164
188.92,8.36,54.06,0.444,0.744
122.44,4.75,50.66,0.257,0.293
109.09,6.09,43.31,0.086,0.154
149.83,6.1,12.36,0.184,0.851
141.49,5.0,30.33,0.288,0.396
127.34,3.26,56.84,0.357,0.364
184.82,6.65,18.98,0.278,1.034
197.77,5.88,0.0,0.379,0.898
154.42,7.0,35.46,0.322,0.844
223.88,4.93,37.16,0.547,1.087
92.92,8.44,42.71,0.27,0.46
140.32,4.25,54.57,0.517,0.382
114.16,9.42,52.75,0.137,0.312
56.67,2.5,45.18,0.186,-0.084
145.87,6.87,63.91,0.192,0.427
143.91,6.95,9.62,0.506,1.043
225.67,4.41,50.09,0.098,0.565
181.54,6.85,52.53,0.263,0.56
98.79,8.56,15.21,0.008,0.584
242.7,1.57,9.94,0.26,0.758
211.05,7.01,25.08,0.173,0.756
179.1,1.01,26.77,0.038,0.48
138.68,4.07,55.07,0.36,0.341
102.03,9.26,27.71,0.411,0.851
131.39,4.84,22.87,0.316,0.841
204.44,3.65,27.77,0.085,0.574
244.23,5.6,62.37,0.389,0.682
227.16,10.14,40.26,0.329,1.169
125.56,2.34,36.41,0.191,0.283
94.02,3.9,37.8,0.482,0.516
157.04,8.99,65.84,0.185,0.51
61.58,9.72,25.02,0.197,0.578
166.16,5.79,66.31,0.32,0.46
142.62,3.52,44.21,0.348,0.429
126.7,10.19,36.79,0.281,0.845
70.26,9.19,90.02,0.464,0.183
175.68,7.36,18.89,0.057,0.729
123.36,4.38,32.93,0.67,0.803
91.5,5.9,15.35,0.682,0.717
20.0,5.68,59.05,0.363,0.163
148.62,6.66,73.78,0.334,0.183
238.61,8.9,73.4,0.206,0.485
233.06,7.76,64.48,0.123,0.497
127.15,3.85,36.05,0.444,0.39
119.89,8.75,32.7,0.154,0.64
173.44,6.63,6.58,0.137,0.931
100.08,7.37,80.72,0.662,0.343
165.09,8.93,49.38,0.101,0.461
188.3,3.78,30.16,0.152,0.504
211.35,5.93,66.56,0.311,0.575
144.99,4.94,20.54,0.228,0.499
139.82,2.86,48.13,0.445,0.396
106.1,6.69,36.55,0.215,0.306
108.66,11.02,52.77,0.179,0.57
138.68,2.32,38.73,0.044,0.146
168.37,5.94,10.98,0.393,1.061
195.68,7.28,41.51,0.571,1.118
109.84,6.25,60.98,0.359,0.446
224.63,5.77,39.42,0.449,0.826
136.44,3.4,55.5,0.042,0.089
148.93,6.47,19.09,0.301,0.932
112.64,4.49,39.47,0.174,0.376
28.79,1.62,27.51,0.54,0.404
194.2,8.39,54.94,0.806,0.919
186.84,7.92,40.63,0.097,0.696
135.93,6.1,53.8,0.282,0.321
153.35,6.46,61.75,0.512,0.642
175.8,8.15,53.83,0.034,0.488
71.87,6.45,45.46,0.124,0.241
123.55,7.81,20.04,0.55,0.989
189.71,5.41,39.94,0.571,1.029
87.29,8.62,29.34,0.077,0.512
164.68,6.64,33.12,0.343,0.802
82.17,6.39,32.51,0.229,0.33
173.32,3.46,20.4,0.157,0.654
148.22,6.57,0.85,0.428,1.305
69.24,4.34,26.64,0.11,0.107
208.24,4.72,43.87,0.097,0.573
113.27,4.37,13.04,0.257,0.719
109.49,3.87,40.31,0.334,0.559
160.03,10.25,78.01,0.52,0.701
207.43,8.66,60.46,0.151,0.573
99.21,9.84,72.87,0.159,0.23
153.08,3.55,47.82,0.209,0.299
171.44,6.14,63.35,0.197,0.468
184.66,3.41,25.52,0.383,0.621
158.82,4.61,27.11,0.306,0.632
131.65,4.16,0.0,0.085,0.715
108.62,8.48,63.72,0.311,0.479
154.31,5.21,70.81,0.102,0.095
96.39,8.14,28.94,0.428,0.671
20.0,7.21,34.92,0.04,0.082
171.83,10.61,24.92,0.53,1.184
195.2,3.04,47.65,0.096,0.306
31.85,8.52,62.5,0.343,0.127
99.51,8.29,5.14,0.385,0.927
180.96,4.05,48.19,0.112,0.182
252.87,8.01,34.47,0.402,1.167
151.04,6.67,42.27,0.388,0.742
113.6,5.55,49.18,0.139,0.387
140.86,4.35,36.24,0.488,0.754
218.74,4.56,37.93,0.244,0.781
117.7,10.1,35.72,0.068,0.585
110.04,6.0,59.41,0.177,0.001
125.86,7.56,48.38,0.217,0.473
102.33,4.42,44.41,0.129,0.198
156.13,4.44,14.58,0.077,0.71
231.23,8.16,32.43,0.192,0.988
166.15,3.3,57.97,0.355,0.355
137.38,5.17,40.75,0.375,0.759
135.41,6.07,53.19,0.135,0.37
71.84,6.22,75.33,0.098,-0.114
194.16,5.64,60.77,0.2,0.462
146.11,6.79,41.86,0.266,0.578
140.98,7.39,29.78,0.08,0.56
309.66,7.47,0.0,0.212,1.255
164.94,4.03,36.63,0.242,0.432
112.41,5.43,33.48,0.287,0.449
128.68,8.39,47.81,0.242,0.566
207.42,7.79,36.92,0.604,0.96
155.66,3.25,33.59,0.424,0.58
78.09,6.7,4.41,0.726,1.041
195.96,2.04,21.2,0.105,0.574
116.59,6.09,49.53,0.071,0.261
243.66,9.8,74.32,0.267,0.627
204.0,4.1,38.05,0.121,0.476
127.63,4.33,46.56,0.333,0.332
214.05,7.53,59.05,0.182,0.535
153.39,2.91,23.78,0.076,0.423
192.64,4.73,47.34,0.362,0.762
174.24,7.19,25.19,0.62,1.025
107.68,4.73,57.3,0.235,0.35
117.82,5.53,43.03,0.232,0.262
201.5,7.49,45.97,0.333,0.881
133.26,6.84,24.35,0.336,0.72
129.82,6.53,54.14,0.552,0.525
102.24,5.32,81.69,0.244,0.082
171.18,6.74,19.84,0.623,1.158
253.13,5.75,33.2,0.428,1.062
96.62,6.92,44.63,0.099,0.24
151.21,5.01,55.73,0.161,0.218
220.61,5.63,28.81,0.166,0.771
146.02,4.02,0.0,0.706,0.881
172.62,5.93,67.18,0.184,0.104
96.88,4.38,55.21,0.465,0.369
171.42,3.77,5.14,0.104,0.853
140.64,6.52,27.85,0.292,0.839
199.29,6.43,71.36,0.205,0.274
209.37,7.57,68.96,0.58,0.8
279.48,5.14,58.77,0.096,0.365
178.98,6.82,36.48,0.112,0.567
166.29,7.1,41.66,0.112,0.609
159.72,6.89,37.38,0.153,0.57
132.34,4.35,62.56,0.209,0.123
166.92,6.3,22.48,0.319,0.844
135.23,6.73,23.88,0.382,0.937
158.42,6.01,60.21,0.149,0.268
215.88,1.83,39.11,0.247,0.553
99.67,6.32,67.57,0.581,0.556
206.99,10.43,26.57,0.561,1.303
215.86,5.28,38.9,0.065,0.411
144.1,4.54,21.55,0.087,0.65
43.91,6.75,40.15,0.124,0.268
119.61,6.62,10.43,0.321,0.621
214.85,8.39,30.25,0.227,0.93
148.86,3.48,11.27,0.133,0.612
100.03,7.46,53.88,0.294,0.506
124.76,7.18,54.33,0.571,0.645
192.03,5.72,5.39,0.07,0.881
177.34,6.68,66.68,0.257,0.424
138.05,8.06,89.95,0.179,0.014
131.66,7.74,40.92,0.453,0.865
130.41,3.71,27.18,0.076,0.287
103.88,7.64,96.49,0.198,-0.161
230.77,5.87,13.62,0.471,1.226
133.88,6.15,40.4,0.195,0.327
210.86,6.15,43.59,0.287,0.91
226.07,5.7,66.9,0.072,0.351
199.92,8.38,47.19,0.237,0.819
128.42,5.83,30.03,0.302,0.523
170.19,3.76,20.98,0.382,0.866
148.79,5.21,33.16,0.104,0.538
104.81,6.36,19.86,0.254,0.731
166.22,8.46,40.96,0.323,0.961
91.05,7.21,28.72,0.252,0.492
209.38,4.3,10.12,0.185,0.871
126.77,10.97,65.1,0.115,0.285
160.06,6.53,30.05,0.281,0.721
164.16,8.55,14.64,0.324,1.099
137.05,5.7,36.63,0.405,0.715
179.33,7.07,41.37,0.133,0.748
126.25,7.68,5.07,0.405,1.085
193.56,8.44,46.63,0.074,0.596
82.7,8.11,19.06,0.108,0.441
156.32,7.74,74.22,0.419,0.536
246.95,5.37,50.48,0.236,0.678
99.98,4.86,32.0,0.373,0.61
116.11,6.67,25.1,0.541,0.821
175.7,7.87,37.9,0.405,0.986
158.98,5.55,52.26,0.142,0.385
167.53,8.13,39.49,0.263,0.824
174.46,8.91,35.66,0.716,1.224
181.74,4.17,41.17,0.125,0.349
205.48,4.33,27.92,0.464,0.888
170.49,5.72,33.14,0.26,0.546
137.94,6.62,0.0,0.674,1.303
183.63,4.95,59.47,0.261,0.266
244.99,8.7,45.98,0.24,0.932
143.37,6.85,24.53,0.31,0.413
101.27,6.08,77.97,0.494,0.304
205.35,3.13,41.74,0.248,0.443
143.98,3.37,19.28,0.207,0.478
41.37,6.56,57.13,0.501,0.419
192.37,1.73,47.96,0.224,0.396
123.23,8.03,47.89,0.363,0.667
145.47,5.68,31.48,0.128,0.407
166.6,12.49,49.01,0.163,0.861
159.52,10.62,34.76,0.377,0.949
185.47,5.64,51.12,0.142,0.453
128.23,5.79,1.9,0.102,0.885
175.66,7.99,31.32,0.313,0.747
137.02,9.41,74.44,0.698,0.787
186.94,2.72,24.66,0.172,0.626
180.77,2.43,27.92,0.333,0.629
103.23,4.76,31.04,0.383,0.434
204.3,7.17,15.7,0.165,0.924
123.2,6.99,0.0,0.116,0.731
190.4,8.14,35.39,0.16,0.871
168.36,3.6,42.72,0.205,0.431
241.91,1.37,38.95,0.393,0.651
138.83,7.72,37.1,0.116,0.381
132.53,4.34,40.86,0.543,0.594
149.03,1.96,60.46,0.234,0.252
134.84,6.29,36.19,0.247,0.566
190.0,7.59,28.52,0.263,0.856
69.18,5.76,34.38,0.271,0.538
97.32,5.08,51.59,0.373,0.287
96.61,5.68,68.24,0.27,0.027
197.52,5.26,27.44,0.467,0.995
235.53,3.3,41.98,0.32,0.75
144.78,4.57,46.77,0.215,0.309
141.56,7.04,20.15,0.278,0.718
153.5,6.64,40.41,0.178,0.676
208.09,6.34,10.69,0.292,1.025
103.63,4.01,4.62,0.12,0.416
161.92,5.64,47.33,0.299,0.553
198.76,1.65,32.32,0.194,0.6
175.05,6.36,44.05,0.345,0.66
159.48,8.86,39.64,0.173,0.717
200.05,3.05,20.47,0.398,0.762
20.0,4.83,39.09,0.6,0.453
183.89,6.66,15.34,0.31,0.884
117.3,8.51,67.82,0.328,0.392
58.47,5.1,12.88,0.142,0.492
175.56,4.62,36.08,0.262,0.616
218.68,2.06,19.15,0.192,0.597
143.13,6.21,51.41,0.363,0.397
197.64,10.08,33.37,0.253,1.125
230.61,6.55,29.63,0.56,1.095
215.75,5.96,57.06,0.546,0.888
232.0,6.64,40.59,0.311,0.883
187.11,5.98,50.33,0.023,0.275
153.77,4.37,20.37,0.323,0.681
69.9,7.65,11.9,0.247,0.84
137.7,6.45,42.14,0.174,0.802
107.84,6.04,33.62,0.477,0.639
258.55,4.05,52.53,0.073,0.473
141.21,8.61,38.4,0.27,0.522
156.16,7.33,44.1,0.251,0.43
177.57,4.89,7.53,0.058,0.663
152.18,8.0,77.77,0.332,0.3
234.75,5.0,36.72,0.24,0.777
118.87,4.44,53.95,0.379,0.411
159.73,4.48,23.28,0.071,0.549
112.88,2.46,46.16,0.323,0.329
84.0,6.94,13.94,0.407,0.724
119.41,2.34,49.04,0.432,0.323
148.15,3.54,32.88,0.054,0.299
128.53,1.85,40.58,0.14,0.058
115.38,5.83,53.96,0.19,0.052
79.68,5.7,15.35,0.409,0.631
145.84,5.35,26.31,0.296,0.431
74.76,3.91,49.15,0.206,-0.02
188.0,3.66,81.96,0.579,0.445
154.12,6.93,37.24,0.091,0.528
77.12,4.9,51.82,0.201,0.121
134.54,6.63,37.86,0.357,0.76
112.39,4.23,78.84,0.335,-0.045
165.96,6.36,5.06,0.358,1.12
217.02,8.61,41.89,0.233,0.768
56.24,7.17,7.49,0.306,0.725
155.75,5.18,0.0,0.059,0.788
141.99,6.51,45.95,0.157,0.438
183.57,5.52,42.79,0.18,0.504
160.66,6.02,34.3,0.316,0.724
112.4,5.35,37.88,0.121,0.362
134.05,5.67,101.97,0.376,-0.176
110.2,6.42,34.84,0.215,0.561
203.8,4.01,50.2,0.337,0.456
151.07,3.97,27.01,0.155,0.418
245.06,3.22,45.9,0.238,0.652
146.97,2.8,35.24,0.23,0.472
114.58,3.57,31.79,0.216,0.399
74.31,6.32,76.38,0.546,0.245
59.84,4.21,63.54,0.354,-0.075
70.79,7.03,42.73,0.265,0.296
163.36,6.07,0.0,0.271,0.805
175.44,2.06,32.78,0.209,0.377
70.94,7.31,94.06,0.383,-0.19
194.75,7.62,35.39,0.107,0.698
125.85,4.01,62.06,0.518,0.608
157.34,6.84,68.84,0.166,0.335
230.61,4.29,44.38,0.145,0.354
194.84,6.2,23.16,0.446,0.868
136.57,3.47,0.0,0.064,0.504
105.44,2.41,53.68,0.581,0.19
42.41,5.23,23.7,0.207,0.289
114.04,5.75,43.52,0.467,0.591
139.44,5.2,15.0,0.356,0.684
100.64,3.63,34.7,0.289,0.346
143.44,5.2,40.67,0.503,0.708
153.84,6.54,45.37,0.204,0.568
138.76,5.91,17.7,0.403,0.873
117.5,6.37,63.94,0.332,0.33
158.43,4.66,28.06,0.267,0.638
172.1,8.34,6.51,0.197,0.925
95.48,3.65,37.82,0.039,0.042
220.55,6.98,40.69,0.246,0.668
145.07,8.36,43.21,0.412,0.901
150.94,6.96,67.24,0.23,0.165
185.41,5.59,35.27,0.306,0.823
161.66,4.94,37.61,0.122,0.307
197.66,8.07,17.94,0.049,0.933
164.36,3.15,56.41,0.212,0.353
119.38,4.06,43.69,0.408,0.566
168.08,5.2,31.6,0.289,0.576
92.81,8.48,1.91,0.143,0.814
155.43,6.76,68.89,0.069,0.11
148.34,4.06,15.45,0.478,0.788
139.59,5.38,28.17,0.259,0.618
143.57,4.77,47.17,0.292,0.513
55.91,4.58,16.07,0.386,0.485
122.56,7.96,10.13,0.018,0.712
154.64,3.26,0.0,0.195,0.692
157.99,9.22,54.42,0.11,0.375
98.62,7.66,29.1,0.108,0.442
213.29,8.18,98.55,0.198,0.195
106.69,5.07,20.11,0.257,0.645
198.47,5.7,21.57,0.397,0.857
171.36,3.13,28.69,0.408,0.926
117.69,4.95,44.86,0.151,0.094
238.77,6.99,30.6,0.328,1.045
90.32,8.59,52.25,0.194,0.305
195.96,3.79,20.43,0.419,0.843
200.03,5.27,12.37,0.396,1.039
116.47,5.7,4.04,0.111,0.75
219.62,3.21,0.0,0.292,1.136
137.5,7.18,29.64,0.114,0.544
164.43,4.55,33.98,0.275,0.634
163.02,5.61,27.37,0.778,0.985
143.28,5.1,64.87,0.166,0.15
190.54,4.42,64.56,0.277,0.408
189.67,5.99,33.3,0.273,0.526
62.57,5.57,4.12,0.193,0.587
215.22,5.26,28.67,0.379,0.908
66.88,4.54,28.0,0.709,0.842
201.63,6.64,26.86,0.218,0.859
206.34,9.31,26.05,0.193,1.026
95.45,6.28,26.93,0.529,0.727
129.46,7.99,32.27,0.26,0.736
94.71,3.22,27.29,0.305,0.472
139.25,6.32,44.17,0.097,0.239
134.6,3.81,47.21,0.188,0.304
188.98,3.05,21.79,0.066,0.672
215.52,4.52,65.42,0.188,0.468
219.78,8.38,20.4,0.179,1.021
121.89,7.9,7.64,0.274,0.936
139.54,6.49,47.62,0.433,0.704
65.83,2.93,23.65,0.344,0.269
109.71,5.61,46.43,0.054,0.236
198.24,6.6,0.0,0.139,0.839
230.78,6.35,67.85,0.183,0.564
88.28,2.31,53.45,0.247,0.005
120.38,4.22,9.99,0.049,0.503
148.68,5.87,10.42,0.458,0.946
164.01,7.07,73.45,0.159,0.234
109.52,1.61,25.25,0.151,0.303
171.2,5.68,23.32,0.296,0.876
126.31,6.29,0.0,0.068,0.878
149.28,7.7,32.98,0.087,0.577
177.31,7.39,35.45,0.277,0.602
150.32,7.17,54.31,0.269,0.611
128.18,4.4,12.02,0.429,0.68
144.52,2.18,9.59,0.067,0.458
145.58,5.21,49.02,0.52,0.574
131.5,8.0,60.13,0.256,0.399
137.06,8.79,8.58,0.191,0.791
229.93,7.42,61.63,0.228,0.496
178.05,6.86,40.75,0.574,0.927
135.23,6.76,61.84,0.251,0.246
184.85,4.89,38.6,0.348,0.826
133.31,5.74,0.0,0.097,0.709
208.66,9.34,36.96,0.182,0.766
168.48,4.11,61.2,0.412,0.596
144.63,9.23,22.13,0.146,0.838
172.39,5.36,32.24,0.425,1.074
71.46,8.65,36.48,0.207,0.256
93.66,3.19,0.0,0.605,0.945
90.3,7.17,73.43,0.57,0.4
157.15,4.53,21.97,0.37,0.777
236.63,3.17,50.11,0.101,0.412
261.57,6.44,38.27,0.049,0.887
181.9,8.02,65.15,0.086,0.411
175.04,4.31,48.12,0.148,0.209
59.95,3.0,35.3,0.448,0.249
122.87,5.82,22.13,0.131,0.426
110.61,5.83,55.96,0.323,0.31
118.96,7.1,2.53,0.207,0.947
141.59,7.9,52.92,0.331,0.517
126.4,5.88,18.02,0.242,0.662
51.04,9.71,65.05,0.191,0.043
187.4,6.45,43.23,0.055,0.573
96.36,5.31,52.88,0.224,0.328
161.96,2.78,41.64,0.302,0.447
253.7,5.47,4.95,0.222,1.321
104.03,5.33,22.79,0.101,0.377
23.49,7.92,53.45,0.172,-0.07
135.7,6.92,43.33,0.552,0.842
205.05,3.64,63.62,0.287,0.381
247.92,6.34,48.07,0.234,0.709
88.52,7.34,20.67,0.109,0.521
174.83,9.06,24.08,0.39,0.89
126.73,7.78,42.06,0.406,0.498
144.7,7.52,0.0,0.471,1.196
282.22,6.12,73.47,0.251,0.662
74.85,6.78,48.83,0.639,0.726
162.69,8.5,64.54,0.398,0.674
173.38,3.33,8.39,0.186,0.816
204.29,5.3,64.89,0.14,0.468
154.9,4.45,84.63,0.208,0.056
165.4,6.76,13.58,0.235,0.852
130.42,8.46,55.43,0.158,0.478
163.46,4.81,40.02,0.464,0.789
132.84,1.22,9.11,0.142,0.482
181.08,5.18,49.86,0.295,0.419
131.52,7.83,56.67,0.426,0.382
168.86,7.08,27.98,0.219,0.84
148.54,6.86,63.32,0.273,0.422
206.3,5.44,6.66,0.497,1.284
147.43,3.44,10.1,0.062,0.651
61.35,7.03,42.73,0.151,0.139
213.1,4.33,40.51,0.45,0.623
104.71,10.37,25.67,0.034,0.655
117.31,7.14,56.19,0.419,0.602
120.22,4.84,50.62,0.699,0.691
218.72,4.78,57.16,0.051,0.216
43.22,5.81,37.54,0.138,0.179
306.89,5.52,52.05,0.483,0.95
202.8,8.23,31.09,0.173,0.693
161.16,6.37,81.08,0.203,0.153
147.26,4.54,23.75,0.372,0.745
164.28,9.78,82.11,0.245,0.347
176.06,6.1,40.7,0.151,0.591
182.26,7.54,12.49,0.215,0.892
177.78,4.78,67.36,0.085,0.175
154.48,6.73,42.52,0.048,0.365
140.13,6.62,57.02,0.285,0.384
142.44,2.22,64.48,0.194,0.076
140.25,10.03,46.76,0.065,0.612
206.69,8.58,28.16,0.148,0.915
179.68,5.21,59.51,0.12,0.363
20.0,3.8,40.02,0.432,0.196
182.8,6.7,53.72,0.088,0.465
159.74,6.17,0.0,0.396,1.208
149.06,6.71,48.94,0.196,0.638
130.57,6.38,27.23,0.24,0.752
206.21,7.01,73.07,0.324,0.492
197.38,8.89,52.46,0.181,0.771
111.36,7.14,44.8,0.546,0.734
170.35,3.9,49.73,0.197,0.306
101.42,8.73,20.03,0.257,0.802
81.02,9.28,72.47,0.097,-0.053
118.66,12.3,79.83,0.355,0.513
193.12,3.75,47.86,0.06,0.512
197.66,6.49,71.81,0.229,0.465
175.65,1.84,28.62,0.195,0.608
186.25,7.11,24.06,0.189,0.787
175.81,4.9,40.82,0.324,0.672
117.93,9.85,48.7,0.44,0.781
171.6,4.45,32.12,0.014,0.397
190.02,2.62,50.76,0.288,0.492
187.71,5.06,46.13,0.377,0.702
209.45,2.05,20.03,0.106,0.685
185.42,7.5,50.38,0.265,0.536
167.57,1.87,57.27,0.17,0.287
203.51,6.06,43.43,0.457,0.89
148.67,1.84,63.05,0.173,0.034
105.91,5.36,15.65,0.307,0.666
141.85,9.29,49.36,0.266,0.605
112.75,6.72,16.59,0.315,0.677
